label,thresh,coordinates
0,0,"[92, 23, -54, -71, 0, 0, 0]"
0,0,"[92, 23, -56, -69, 0, 0, 0]"
0,0,"[92, 25, -55, -69, 0, 0, 0]"
0,0,"[91, 25, -53, -70, -1, 0, 0]"
0,0,"[92, 26, -53, -70, 0, 0, 0]"
0,0,"[91, 25, -52, -71, 0, 0, 0]"
0,0,"[90, 25, -52, -69, 0, 0, 0]"
0,0,"[91, 25, -52, -70, 0, 0, 0]"
0,0,"[91, 24, -53, -70, 0, 0, 0]"
0,0,"[91, 26, -54, -69, 0, 0, 0]"
0,0,"[92, 24, -53, -71, 0, 0, 0]"
0,0,"[92, 24, -54, -71, 0, 0, 0]"
0,0,"[91, 25, -52, -70, 0, 0, 0]"
0,0,"[93, 23, -56, -71, 0, 1, -2]"
0,0,"[92, 26, -56, -68, -1, 1, -3]"
0,0,"[89, 30, -46, -70, 0, 2, -3]"
0,0,"[88, 28, -54, -64, 0, 0, -3]"
0,0,"[93, 25, -55, -71, -1, 0, -4]"
0,0,"[92, 34, -48, -71, 0, 0, -3]"
0,0,"[91, 30, -49, -70, 0, 0, -1]"
0,0,"[90, 31, -51, -68, 0, 0, 0]"
0,0,"[91, 31, -50, -69, 1, 0, 0]"
0,0,"[92, 27, -51, -72, 3, 0, 0]"
0,0,"[92, 26, -52, -71, 4, 0, -1]"
0,0,"[96, 26, -60, -70, 5, 1, 0]"
0,0,"[92, 28, -56, -68, 4, 3, 0]"
0,0,"[91, 33, -55, -64, 3, 3, 0]"
0,0,"[90, 34, -58, -60, 1, 2, 0]"
0,0,"[93, 34, -61, -61, 0, 1, 1]"
0,0,"[92, 33, -60, -62, -2, 1, 2]"
0,0,"[93, 32, -59, -64, -2, 0, 2]"
0,0,"[93, 29, -58, -66, -3, 0, 1]"
0,0,"[91, 31, -56, -65, -4, 0, 1]"
0,0,"[90, 33, -51, -67, -3, -1, 1]"
0,0,"[91, 30, -54, -67, -2, -2, 2]"
0,0,"[92, 28, -56, -67, -3, -2, 2]"
0,0,"[93, 29, -52, -71, -1, -3, 1]"
0,0,"[101, 30, -63, -73, 1, -3, 0]"
0,0,"[92, 24, -57, -68, 0, 0, 0]"
0,0,"[92, 26, -57, -67, 0, 0, -1]"
0,0,"[91, 27, -53, -69, 0, 0, 0]"
0,0,"[90, 29, -50, -69, 0, 0, 0]"
0,0,"[91, 26, -54, -68, 0, 0, 0]"
0,0,"[92, 26, -55, -69, 0, 0, 0]"
0,0,"[90, 27, -53, -68, -1, 0, 0]"
0,0,"[91, 28, -54, -68, 0, 0, 0]"
0,0,"[92, 26, -55, -69, -1, 0, 0]"
0,0,"[91, 26, -54, -69, -1, 0, 0]"
0,0,"[91, 27, -52, -69, -1, 0, 0]"
0,0,"[90, 27, -53, -68, 0, 0, 0]"
0,0,"[91, 28, -52, -69, 0, 0, 0]"
0,0,"[92, 26, -53, -70, 0, 0, 0]"
0,0,"[91, 27, -52, -69, 0, 0, 0]"
0,0,"[90, 27, -53, -68, 0, 0, 0]"
0,0,"[93, 31, -57, -66, 0, 0, 0]"
0,0,"[92, 26, -57, -67, 0, 0, 0]"
0,0,"[93, 27, -56, -69, -1, 0, 0]"
0,0,"[90, 27, -54, -67, -1, 0, 0]"
0,0,"[92, 26, -54, -70, -1, 0, 0]"
0,0,"[91, 28, -52, -69, -1, 0, 0]"
0,0,"[91, 26, -52, -70, -1, 0, 0]"
0,0,"[91, 28, -52, -69, 0, 0, 0]"
0,0,"[92, 27, -54, -69, 0, 0, 0]"
0,0,"[93, 22, -55, -72, 0, 0, 0]"
0,0,"[89, 24, -53, -68, -1, 0, 0]"
0,0,"[91, 27, -51, -70, -1, 0, 0]"
0,0,"[90, 27, -50, -70, 0, 0, 0]"
0,0,"[90, 27, -51, -69, 0, 0, 0]"
0,0,"[92, 26, -55, -69, 0, 0, 0]"
0,0,"[92, 27, -53, -70, 0, 0, 0]"
0,0,"[91, 27, -53, -69, 0, 0, 0]"
0,0,"[91, 27, -53, -69, 0, 0, 0]"
0,0,"[92, 27, -53, -70, 0, 0, 0]"
0,0,"[91, 27, -53, -69, 0, 0, 0]"
0,0,"[91, 27, -52, -70, 0, 0, 0]"
0,0,"[90, 26, -53, -68, 0, 0, 0]"
0,0,"[92, 26, -53, -70, 0, 0, 0]"
0,0,"[91, 27, -53, -69, 0, 0, 0]"
0,0,"[91, 27, -53, -69, 0, 0, 0]"
0,0,"[91, 27, -52, -69, 0, 0, 0]"
0,0,"[92, 28, -53, -70, 0, 0, 0]"
0,0,"[88, 26, -49, -68, 0, 0, 0]"
0,0,"[92, 28, -51, -71, 0, 0, 0]"
0,0,"[91, 27, -52, -70, 0, 0, 0]"
0,0,"[93, 28, -54, -70, 0, 0, 0]"
0,0,"[92, 27, -52, -71, 0, 0, 0]"
0,0,"[92, 28, -53, -70, 0, 0, 0]"
0,0,"[92, 27, -53, -70, 0, 0, 0]"
0,0,"[86, 26, -50, -65, 0, 0, 0]"
0,0,"[92, 28, -52, -70, 0, 0, 0]"
0,0,"[91, 27, -52, -70, 0, 0, 0]"
0,0,"[91, 27, -52, -70, 0, 0, 0]"
0,0,"[92, 27, -52, -71, 0, 0, 0]"
0,0,"[91, 26, -52, -70, 0, 0, 0]"
0,0,"[90, 26, -52, -69, 0, 0, 0]"
0,0,"[92, 26, -52, -71, 0, 0, 0]"
0,0,"[93, 28, -52, -72, 0, 0, 0]"
0,0,"[91, 28, -51, -70, 0, 0, 0]"
0,0,"[92, 27, -53, -70, 0, 0, 0]"
0,0,"[92, 25, -53, -71, 0, 0, 0]"
0,0,"[91, 26, -51, -71, 0, 0, 0]"
0,0,"[91, 27, -51, -71, 0, 0, 0]"
0,0,"[91, 27, -52, -69, 0, 0, 0]"
0,0,"[92, 26, -53, -70, 0, 0, 0]"
0,0,"[90, 25, -52, -69, 0, 0, 0]"
0,0,"[93, 27, -52, -72, 0, 0, -1]"
0,0,"[90, 28, -52, -68, 0, 0, -1]"
0,0,"[91, 26, -54, -69, 0, 0, -2]"
0,0,"[92, 27, -55, -69, 0, 0, -3]"
0,0,"[93, 27, -55, -70, 0, 0, -3]"
0,0,"[91, 30, -51, -69, -1, 0, -3]"
0,0,"[89, 30, -51, -67, -1, 0, -2]"
0,0,"[90, 30, -48, -70, 0, 0, -2]"
0,0,"[92, 27, -51, -72, 0, 0, -1]"
0,0,"[91, 29, -51, -70, 0, 0, -2]"
0,0,"[90, 30, -50, -69, 1, 0, -2]"
0,0,"[92, 28, -54, -69, 0, 0, -2]"
0,0,"[92, 29, -52, -70, 0, 0, -2]"
0,0,"[92, 31, -49, -71, 0, 0, -1]"
0,0,"[91, 32, -50, -69, 0, 0, 0]"
0,0,"[91, 30, -54, -67, -1, 0, 0]"
0,0,"[95, 29, -55, -72, -2, 0, 0]"
0,0,"[91, 33, -45, -72, -2, 0, -1]"
0,0,"[90, 29, -50, -69, -1, 0, 0]"
0,0,"[92, 30, -50, -71, 0, 0, 0]"
0,0,"[92, 29, -50, -72, 0, 0, 0]"
0,0,"[91, 30, -49, -71, 0, 0, 0]"
0,0,"[90, 29, -49, -70, 0, 0, 0]"
0,0,"[90, 29, -50, -69, 0, 0, 0]"
0,0,"[92, 30, -51, -70, 0, 0, 0]"
0,0,"[90, 32, -49, -69, 0, 0, 0]"
0,0,"[91, 33, -47, -71, 0, 0, 0]"
0,0,"[91, 30, -48, -71, 0, 0, 0]"
0,0,"[91, 30, -48, -71, 0, 0, 0]"
0,0,"[91, 30, -50, -70, 0, 0, 0]"
0,0,"[92, 30, -51, -70, 0, 0, 0]"
0,0,"[92, 30, -51, -70, 0, 0, 0]"
0,0,"[91, 29, -50, -70, 0, 0, 0]"
0,0,"[91, 29, -51, -70, 0, 0, 0]"
0,0,"[92, 30, -51, -70, 0, 0, 0]"
0,0,"[91, 31, -49, -70, 0, 0, 0]"
0,0,"[93, 31, -51, -71, 0, 0, -1]"
0,0,"[90, 32, -47, -70, 0, 0, -1]"
0,0,"[92, 30, -50, -71, 0, 0, -1]"
0,0,"[91, 31, -48, -71, 0, 0, -1]"
0,0,"[91, 31, -48, -71, 0, 0, 0]"
0,0,"[91, 30, -48, -71, 0, 0, 0]"
0,0,"[91, 30, -48, -71, 0, 0, 0]"
0,0,"[91, 30, -49, -71, 0, 0, 0]"
0,0,"[91, 31, -48, -71, 0, 0, 0]"
0,0,"[91, 31, -48, -71, 0, 0, 0]"
0,0,"[92, 31, -49, -72, 0, 0, 0]"
0,0,"[91, 31, -48, -71, 0, 0, 0]"
0,0,"[91, 31, -49, -70, 0, 0, 0]"
0,0,"[92, 31, -50, -71, 0, 0, 0]"
0,0,"[91, 30, -48, -71, 0, 0, 0]"
0,0,"[91, 30, -48, -71, 0, 0, 0]"
0,0,"[92, 31, -49, -72, 0, 0, 0]"
0,0,"[95, 31, -49, -75, 0, 0, 0]"
0,0,"[90, 31, -48, -70, 0, 0, 0]"
0,0,"[94, 31, -49, -74, -1, 0, 0]"
0,0,"[90, 32, -46, -71, -1, 0, 0]"
0,0,"[92, 34, -46, -72, 0, 0, 0]"
0,0,"[92, 31, -48, -72, 0, 0, 0]"
0,0,"[92, 31, -49, -71, 0, 0, 0]"
0,0,"[92, 30, -51, -71, 0, 0, 0]"
0,0,"[90, 32, -46, -71, 0, 0, 0]"
0,0,"[92, 31, -47, -73, 0, 0, 0]"
0,0,"[87, 30, -46, -68, 0, 0, 0]"
0,0,"[91, 30, -46, -72, 0, 0, 0]"
0,0,"[92, 31, -48, -72, 0, 0, 0]"
0,0,"[90, 30, -46, -71, 0, 1, 0]"
0,0,"[92, 33, -47, -72, 0, 0, 0]"
0,0,"[91, 32, -47, -71, 0, 0, 0]"
0,0,"[93, 32, -48, -73, 0, 0, 0]"
0,0,"[92, 32, -48, -72, 0, 0, 0]"
0,0,"[92, 31, -47, -73, 0, 0, 0]"
0,0,"[91, 32, -46, -72, 0, 0, 0]"
0,0,"[91, 31, -47, -71, 0, 0, 0]"
0,0,"[90, 30, -47, -71, 0, 0, 0]"
0,0,"[91, 31, -46, -72, 0, 0, 0]"
0,0,"[91, 30, -47, -72, 0, 0, 0]"
0,0,"[92, 32, -47, -72, 0, 0, 0]"
0,0,"[92, 29, -48, -73, 0, 0, 0]"
0,0,"[92, 31, -47, -73, 0, 0, 0]"
0,0,"[92, 32, -48, -72, 0, 0, 0]"
0,0,"[93, 32, -47, -73, 0, 0, 0]"
0,0,"[90, 31, -46, -71, 0, 0, 0]"
0,0,"[90, 31, -46, -71, 0, 0, 0]"
0,0,"[92, 32, -47, -72, 0, 0, 0]"
0,0,"[92, 32, -48, -72, 0, 0, 0]"
0,0,"[91, 32, -45, -72, 0, 0, 0]"
0,0,"[95, 30, -52, -73, 0, 0, 0]"
0,0,"[91, 32, -47, -71, 0, 0, 0]"
0,0,"[93, 33, -48, -73, 0, 0, -1]"
0,0,"[91, 30, -46, -73, 0, 0, -1]"
0,0,"[89, 32, -42, -72, 0, 0, -1]"
0,0,"[100, 37, -45, -81, 2, 0, -1]"
0,0,"[89, 33, -43, -70, 1, 0, 0]"
0,0,"[97, 22, -59, -74, 0, -1, -2]"
0,0,"[105, 10, -70, -78, -1, -1, -4]"
0,0,"[102, 11, -69, -74, -1, -1, -4]"
0,0,"[104, -9, -70, -76, 0, 0, -8]"
0,0,"[105, 1, -73, -75, 0, 4, -13]"
0,0,"[102, 15, -69, -74, 1, 3, -13]"
0,0,"[105, 26, -67, -76, 3, 0, -15]"
0,0,"[104, 31, -61, -78, 3, -1, -15]"
0,0,"[100, 34, -56, -76, 5, -2, -15]"
0,0,"[105, 41, -52, -81, 5, -3, -14]"
0,0,"[100, 34, -51, -79, 3, 0, -16]"
0,0,"[96, 53, -34, -73, 1, 3, -18]"
0,0,"[100, 63, -28, -72, 5, 0, -15]"
0,0,"[106, 64, -30, -79, 8, -3, -10]"
0,0,"[115, 66, -38, -86, 10, -4, -8]"
0,0,"[124, 60, -50, -96, 7, -3, -9]"
0,0,"[120, 63, -41, -94, 4, 0, -10]"
0,0,"[119, 67, -41, -90, 4, 1, -10]"
0,0,"[103, 61, -25, -79, 7, 3, -9]"
0,0,"[91, 57, -23, -67, 9, 6, -10]"
0,0,"[81, 54, -26, -55, 8, 7, -9]"
0,0,"[73, 55, -22, -42, 6, 7, -8]"
0,0,"[73, 55, -28, -39, 5, 3, -6]"
0,0,"[71, 50, -34, -38, 3, 0, -4]"
0,0,"[71, 49, -32, -40, 2, -1, -3]"
0,0,"[69, 51, -27, -38, 3, -1, -4]"
0,0,"[68, 52, -26, -35, 5, -2, -4]"
0,0,"[67, 54, -25, -31, 6, -4, -1]"
0,0,"[68, 57, -20, -31, 8, -8, 1]"
0,0,"[73, 55, -28, -39, 9, -11, 3]"
0,0,"[71, 50, -29, -41, 8, -11, 4]"
0,0,"[75, 49, -34, -45, 7, -11, 5]"
0,0,"[82, 45, -49, -48, 2, -10, 6]"
0,0,"[75, 41, -46, -43, -1, -11, 6]"
0,0,"[65, 33, -44, -35, 1, -11, 6]"
0,0,"[67, 36, -43, -36, 3, -14, 6]"
0,0,"[67, 30, -44, -41, 1, -16, 6]"
0,0,"[74, 22, -52, -48, -2, -17, 7]"
0,0,"[99, 14, -65, -74, -9, -18, 6]"
0,0,"[113, 5, -65, -92, -9, -16, 2]"
0,0,"[110, 9, -58, -93, -3, -10, 0]"
0,0,"[109, 24, -55, -91, 0, -8, 0]"
0,0,"[101, 30, -48, -84, 0, -8, 0]"
0,0,"[104, 24, -51, -87, -1, -7, 3]"
0,0,"[109, 19, -57, -91, -2, -5, 3]"
0,0,"[111, 15, -56, -95, -3, -3, 2]"
0,0,"[108, 17, -55, -91, -2, -2, 2]"
0,0,"[102, 15, -54, -85, -1, -2, 2]"
0,0,"[98, 16, -53, -81, 0, -1, 1]"
0,0,"[95, 15, -52, -78, -1, -1, 2]"
0,0,"[93, 13, -51, -77, -2, -1, 2]"
0,0,"[90, 13, -48, -75, -1, -1, 1]"
0,0,"[90, 12, -49, -75, 0, -1, 2]"
0,0,"[93, 8, -52, -77, 0, -1, 1]"
0,0,"[93, 6, -55, -75, 0, 0, 1]"
0,0,"[88, 8, -49, -73, 0, 0, 0]"
0,0,"[87, 6, -48, -72, 1, -1, 1]"
0,0,"[85, 4, -47, -71, 3, 0, 0]"
0,0,"[86, 0, -50, -70, 6, 1, -2]"
0,0,"[87, 1, -56, -67, 7, 5, -7]"
0,0,"[94, 13, -63, -68, 4, 6, -8]"
0,0,"[91, 21, -55, -70, 3, 2, -6]"
0,0,"[111, 9, -71, -85, 4, 0, -3]"
0,0,"[122, 4, -84, -89, 5, 6, -8]"
0,0,"[74, 24, -49, -50, 6, 3, -7]"
0,0,"[98, 24, -67, -67, 3, 1, -5]"
0,0,"[80, 34, -39, -61, 4, -5, 1]"
0,0,"[73, 27, -35, -58, 10, -9, 8]"
0,0,"[75, 16, -39, -62, 16, -10, 12]"
0,0,"[86, 10, -50, -69, 18, -7, 13]"
0,0,"[87, 12, -58, -64, 23, -9, 15]"
0,0,"[93, -2, -74, -56, 28, -12, 17]"
0,0,"[105, -17, -91, -50, 31, -11, 16]"
0,0,"[101, -18, -93, -35, 38, -11, 16]"
0,0,"[100, -27, -96, -5, 43, -18, 18]"
0,0,"[163, -53, -154, 12, 43, -23, 17]"
0,0,"[207, -64, -193, 38, 43, -16, 5]"
0,0,"[221, -77, -197, 65, 43, -5, -7]"
0,0,"[205, -62, -157, 116, 37, 3, -14]"
0,0,"[248, -27, -171, 178, 43, -13, -12]"
0,0,"[295, -25, -179, 233, 25, -43, 1]"
0,0,"[242, -86, -96, 205, -8, -43, -6]"
0,0,"[235, -104, 2, 211, -43, -43, -11]"
0,0,"[274, -155, 108, 199, -34, -43, 10]"
0,0,"[301, 102, 276, 65, -43, -43, 43]"
0,0,"[85, -82, -19, -15, 5, -41, -10]"
0,0,"[88, -20, 41, 75, -16, -14, 3]"
0,0,"[103, -7, -102, -9, -1, 18, 9]"
0,0,"[173, 57, -157, 45, 0, 4, 4]"
0,0,"[174, 47, -166, 19, 0, 10, -4]"
0,0,"[111, 30, -107, 9, 0, 7, -4]"
0,0,"[92, 17, -90, 5, 0, 3, -3]"
0,0,"[80, 15, -77, 18, 0, 3, -2]"
0,0,"[88, 20, -84, 17, 2, 2, -1]"
0,0,"[97, 12, -94, 19, 4, 2, -2]"
0,0,"[107, 10, -105, 15, 2, 0, 0]"
0,0,"[105, 10, -104, 13, 0, 0, 0]"
0,0,"[102, 13, -100, 14, 0, 0, 0]"
0,0,"[101, 18, -98, 14, 0, 0, 0]"
0,0,"[100, 19, -97, 16, 0, 0, 0]"
0,0,"[106, 18, -103, 16, 0, 0, 0]"
0,0,"[105, 16, -103, 15, 0, 0, 0]"
0,0,"[99, 16, -97, 13, 0, 0, -1]"
0,0,"[95, 19, -92, 13, 0, 0, 0]"
0,0,"[96, 16, -93, 17, 0, 0, 0]"
0,0,"[101, 13, -99, 18, 0, 0, 0]"
0,0,"[102, 12, -100, 16, 0, 0, 0]"
0,0,"[99, 13, -97, 14, 0, 0, 0]"
0,0,"[99, 16, -97, 14, 0, 0, 0]"
0,0,"[100, 18, -97, 14, 0, 0, 0]"
0,0,"[103, 16, -101, 14, 0, 0, 0]"
0,0,"[100, 16, -98, 14, -1, 0, 0]"
0,0,"[98, 16, -96, 15, 0, 0, 0]"
0,0,"[97, 16, -94, 15, 0, 0, 0]"
0,0,"[97, 15, -95, 13, 0, 0, 0]"
0,0,"[98, 16, -96, 13, 0, 0, 0]"
0,0,"[99, 16, -97, 12, 0, 0, 0]"
0,0,"[100, 16, -98, 13, 0, 0, 0]"
0,0,"[101, 13, -100, 7, 0, 1, 0]"
0,0,"[102, 11, -101, 3, -1, 2, 0]"
0,0,"[99, 8, -99, 1, -2, 4, 0]"
0,0,"[94, 8, -94, -1, -4, 7, 0]"
0,0,"[88, 8, -87, -7, -9, 10, -1]"
0,0,"[81, 7, -79, -14, -9, 10, -2]"
0,0,"[74, 3, -72, -18, -10, 12, 1]"
0,0,"[73, 7, -70, -20, -13, 17, 6]"
0,0,"[75, 5, -73, -16, -18, 21, 8]"
0,0,"[76, 4, -75, -10, -20, 24, 8]"
0,0,"[81, 5, -79, -17, -22, 23, 12]"
0,0,"[79, 2, -78, -13, -26, 23, 15]"
0,0,"[78, 3, -76, -16, -24, 21, 16]"
0,0,"[79, 0, -76, -22, -18, 19, 17]"
0,0,"[101, -12, -96, -28, -15, 18, 19]"
0,0,"[100, -15, -96, -22, -14, 21, 21]"
0,0,"[99, -14, -95, -25, -5, 18, 25]"
0,0,"[101, -18, -95, -30, 2, 15, 21]"
0,0,"[135, -41, -124, -34, 0, 17, 16]"
0,0,"[136, -34, -127, -33, -15, 26, 14]"
0,0,"[115, -24, -110, -25, -17, 26, 15]"
0,0,"[113, -19, -108, -28, -13, 21, 16]"
0,0,"[126, -19, -120, -35, -16, 14, 9]"
0,0,"[126, -22, -118, -39, -31, 16, 5]"
0,0,"[98, -11, -91, -35, -40, 16, 4]"
0,0,"[88, -6, -74, -47, -32, 7, 3]"
0,0,"[90, -9, -69, -57, -22, 3, 0]"
0,0,"[100, -13, -76, -64, -18, 3, -1]"
0,0,"[89, -6, -63, -62, -20, 5, -1]"
0,0,"[84, -1, -52, -66, -15, 0, 0]"
0,0,"[87, -6, -46, -74, -7, -2, 1]"
0,0,"[89, -4, -49, -74, 0, -2, 1]"
0,0,"[90, -7, -46, -77, 5, -1, 2]"
0,0,"[93, -8, -52, -77, 7, -2, 1]"
0,0,"[95, -12, -58, -74, 10, -2, 1]"
0,0,"[93, -14, -60, -69, 14, -3, 2]"
0,0,"[95, -13, -66, -67, 18, -5, 3]"
0,0,"[97, -18, -72, -62, 25, -8, 4]"
0,0,"[104, -28, -86, -52, 41, -14, 5]"
0,0,"[129, -44, -111, -50, 43, -19, 5]"
0,0,"[114, -42, -105, -16, 43, -21, 4]"
0,0,"[126, -40, -119, -4, 43, -25, 2]"
0,0,"[147, -33, -142, -16, 43, -22, -3]"
0,0,"[152, -44, -145, 1, 43, -7, -9]"
0,0,"[135, -46, -117, 48, 26, 7, -19]"
0,0,"[176, -28, -111, 134, 28, 5, -22]"
0,0,"[275, -8, -118, 248, 18, -31, -17]"
0,0,"[313, -67, -51, 301, 1, -43, -8]"
0,0,"[342, -102, 22, 326, -29, -43, -1]"
3,1,"[382, -180, 94, 324, -30, -43, 26]"
0,0,"[119, -9, -118, 9, 0, 0, -2]"
0,0,"[101, -7, -100, 11, -2, 2, -3]"
0,0,"[90, -2, -89, 13, -2, 3, -3]"
0,0,"[89, 11, -87, 17, -2, 2, -1]"
0,0,"[90, 8, -88, 19, -1, 1, 0]"
0,0,"[96, 8, -94, 17, 0, 1, 0]"
0,0,"[104, 2, -103, 16, 0, 0, 0]"
0,0,"[108, 1, -107, 13, 0, 0, 0]"
0,0,"[103, 7, -102, 11, 0, 0, 0]"
0,0,"[100, 9, -99, 13, -1, 0, 0]"
0,0,"[97, 6, -96, 12, 0, 0, 0]"
0,0,"[98, 2, -97, 12, 0, 0, 0]"
0,0,"[99, 1, -98, 12, 0, 0, 0]"
0,0,"[98, 4, -97, 12, 0, 0, 0]"
0,0,"[100, 4, -99, 11, 0, 0, 0]"
0,0,"[96, 6, -95, 11, 0, 0, 0]"
0,0,"[96, 6, -95, 15, 0, 0, 0]"
0,0,"[102, 4, -101, 16, 0, 1, 0]"
0,0,"[102, 6, -101, 13, 0, 1, 0]"
0,0,"[101, 4, -100, 12, 0, 0, 0]"
0,0,"[98, 5, -97, 10, 0, 0, 0]"
0,0,"[97, 4, -96, 14, 0, 0, 0]"
0,0,"[97, 4, -96, 12, 0, 0, 0]"
0,0,"[99, 5, -98, 12, 0, 0, 0]"
0,0,"[100, 3, -99, 12, 0, 0, 0]"
0,0,"[99, 5, -98, 11, 0, 0, 0]"
0,0,"[98, 6, -97, 13, 0, 1, 0]"
0,0,"[98, 5, -97, 11, 0, 0, 0]"
0,0,"[98, 2, -98, 8, 0, 1, 0]"
0,0,"[100, 0, -100, 9, 0, 2, 0]"
0,0,"[96, 4, -95, 14, 0, 4, 0]"
0,0,"[93, 6, -92, 14, 1, 4, 0]"
0,0,"[96, 4, -96, 6, 1, 4, 0]"
0,0,"[108, 2, -108, 0, -2, 5, 0]"
0,0,"[111, 3, -111, -2, -8, 8, 2]"
0,0,"[115, -2, -115, -9, -14, 12, 1]"
0,0,"[115, -5, -114, -14, -20, 17, 0]"
0,0,"[112, -7, -110, -18, -25, 22, 0]"
0,0,"[114, -9, -112, -17, -32, 29, 0]"
0,0,"[103, -6, -101, -18, -40, 33, 0]"
0,0,"[104, 0, -102, -20, -43, 35, -2]"
0,0,"[118, -3, -116, -23, -43, 38, -5]"
0,0,"[97, 9, -96, -14, -43, 38, -6]"
0,0,"[73, 38, -60, -17, -43, 31, -4]"
0,0,"[64, 39, -33, -39, -43, 16, 2]"
0,0,"[79, 25, -49, -57, -24, 10, 5]"
0,0,"[90, 25, -56, -66, -19, 10, 5]"
0,0,"[96, 26, -60, -70, -22, 10, 3]"
0,0,"[93, 24, -55, -71, -26, 12, 3]"
0,0,"[81, 35, -31, -66, -25, 13, 6]"
0,0,"[83, 41, -25, -68, -18, 7, 8]"
0,0,"[89, 33, -34, -75, -14, 4, 10]"
0,0,"[85, 21, -37, -74, -19, 9, 12]"
0,0,"[73, 29, -14, -65, -20, 10, 15]"
0,0,"[68, 25, -6, -63, -15, 6, 20]"
0,0,"[66, 20, -4, -63, -10, 4, 24]"
0,0,"[62, 17, -5, -59, -10, 5, 25]"
0,0,"[59, 10, -4, -58, -10, 7, 23]"
0,0,"[49, 6, -4, -48, -6, 11, 22]"
0,0,"[48, -3, -12, -46, 1, 12, 25]"
0,0,"[52, 9, -29, -42, 6, 14, 27]"
0,0,"[40, -25, -15, -28, 10, 25, 25]"
0,0,"[35, -13, 32, 6, 27, 29, 16]"
0,0,"[55, -25, 27, 41, 35, 34, 7]"
0,0,"[147, 73, -21, 126, -20, -4, 32]"
0,0,"[79, -14, 40, 67, -43, -43, 43]"
0,0,"[159, -56, 100, 110, -43, -43, 43]"
1,1,"[1352, -784, -784, -774, 43, -43, -21]"
0,0,"[184, -65, -27, -170, -1, 14, -4]"
0,0,"[132, 10, -14, -131, 5, 2, -2]"
0,0,"[94, -5, -35, -87, 4, -3, -1]"
0,0,"[58, -12, -28, -49, -1, -3, -2]"
0,0,"[71, -20, -29, -62, -4, 0, -1]"
0,0,"[97, -11, -20, -94, -1, 1, 0]"
0,0,"[103, -10, -16, -101, 0, 0, 0]"
0,0,"[90, -16, -13, -88, 0, 0, 0]"
0,0,"[83, -21, -14, -79, 0, 0, 0]"
0,0,"[80, -18, -15, -77, 2, 1, 0]"
0,0,"[89, -18, -26, -83, 2, 2, 0]"
0,0,"[91, -12, -26, -86, 2, 2, 0]"
0,0,"[89, -9, -25, -85, 3, 2, 0]"
0,0,"[91, -11, -31, -85, 4, 1, 0]"
0,0,"[91, -15, -34, -83, 1, 1, 0]"
0,0,"[90, -15, -28, -84, 0, 2, 0]"
0,0,"[89, -11, -23, -85, 1, 1, 0]"
0,0,"[86, -9, -20, -83, 3, 1, 0]"
0,0,"[88, -10, -27, -83, 4, 1, 0]"
0,0,"[90, -11, -30, -84, 1, 0, 0]"
0,0,"[90, -11, -29, -85, 0, 0, 0]"
0,0,"[89, -9, -24, -85, 0, 0, 0]"
0,0,"[89, -11, -25, -85, 0, 0, 0]"
0,0,"[89, -11, -30, -83, 1, 0, 0]"
0,0,"[89, -12, -30, -83, 0, 0, 0]"
0,0,"[89, -9, -30, -83, 0, 0, 0]"
0,0,"[90, -9, -33, -83, 0, 0, 0]"
0,0,"[88, -11, -32, -81, 0, 0, 0]"
0,0,"[87, -11, -30, -81, 0, 0, 0]"
0,0,"[89, -11, -31, -83, 1, 0, 0]"
0,0,"[90, -11, -33, -83, 0, 0, 0]"
0,0,"[90, -12, -33, -83, 0, 0, 0]"
0,0,"[87, -9, -29, -82, 0, 0, 0]"
0,0,"[89, -8, -27, -84, 0, 0, 0]"
0,0,"[88, -13, -26, -83, 1, 0, 0]"
0,0,"[86, -13, -26, -81, 2, 1, 0]"
0,0,"[89, -14, -25, -84, 6, 2, -1]"
0,0,"[88, -12, -28, -83, 9, 4, -1]"
0,0,"[92, -12, -34, -85, 11, 5, -1]"
0,0,"[95, -7, -43, -84, 10, 5, -1]"
0,0,"[96, -3, -49, -83, 8, 4, -2]"
0,0,"[93, 3, -49, -79, 7, 1, -2]"
0,0,"[97, 0, -48, -84, 7, -2, -2]"
0,0,"[99, -4, -51, -85, 11, -3, -5]"
0,0,"[104, -9, -65, -81, 15, -2, -7]"
0,0,"[102, -3, -57, -85, 25, -2, -10]"
0,0,"[121, -25, -77, -90, 43, 1, -20]"
0,0,"[134, -10, -116, -66, 43, 13, -24]"
0,0,"[97, 26, -89, -29, 32, 8, -18]"
0,0,"[79, 29, -70, -23, 22, -1, -5]"
0,0,"[70, 25, -56, -33, 26, -6, 4]"
0,0,"[87, 17, -75, -40, 31, -9, 7]"
0,0,"[100, 9, -92, -37, 25, -7, 5]"
0,0,"[105, 2, -101, -30, 14, -4, -1]"
0,0,"[92, 3, -90, -19, 14, -5, -6]"
0,0,"[93, 4, -92, -9, 14, -10, -4]"
0,0,"[83, 5, -83, -5, 19, -13, 4]"
0,0,"[90, 8, -89, 11, 31, -15, 14]"
0,0,"[123, -14, -119, 26, 43, -18, 20]"
0,0,"[193, -52, -183, 35, 43, -13, 11]"
0,0,"[232, -41, -207, 96, 43, -6, -5]"
0,0,"[248, -44, -192, 150, 36, -29, -5]"
0,0,"[237, -70, -147, 172, 41, -43, -5]"
0,0,"[240, -85, -108, 197, 37, -43, -4]"
0,0,"[209, -69, -91, 175, 14, -43, 2]"
0,0,"[228, -142, -33, 175, -17, -43, 12]"
0,0,"[211, -146, 70, 135, -25, -43, 37]"
3,1,"[399, 56, 331, -216, 11, 39, -10]"
0,0,"[105, 35, -98, 17, -1, 2, -3]"
0,0,"[89, 26, -84, 14, -1, 2, -2]"
0,0,"[84, 23, -79, 17, -1, 1, -1]"
0,0,"[91, 20, -88, 15, 0, 1, 0]"
0,0,"[95, 20, -91, 16, 0, 1, 0]"
0,0,"[96, 20, -93, 11, 0, 1, 0]"
0,0,"[102, 25, -98, 10, 0, 1, 0]"
0,0,"[105, 28, -101, 12, 0, 1, 0]"
0,0,"[106, 31, -100, 14, 0, 1, 0]"
0,0,"[104, 29, -99, 14, 0, 0, 0]"
0,0,"[102, 25, -98, 13, 0, 0, 0]"
0,0,"[97, 24, -93, 13, 0, 0, 0]"
0,0,"[95, 23, -91, 11, 0, 0, 0]"
0,0,"[93, 24, -89, 11, 0, 0, 0]"
0,0,"[100, 25, -96, 13, 0, 0, 0]"
0,0,"[101, 25, -97, 14, 0, 0, 0]"
0,0,"[101, 23, -97, 14, 0, 0, 0]"
0,0,"[100, 24, -96, 16, 0, 0, 0]"
0,0,"[100, 23, -96, 14, 0, 0, 0]"
0,0,"[99, 25, -95, 11, 0, 0, 0]"
0,0,"[96, 25, -92, 10, 0, 0, 0]"
0,0,"[99, 26, -95, 12, 0, 0, 0]"
0,0,"[102, 23, -99, 13, 0, 0, 0]"
0,0,"[101, 23, -98, 12, 0, 1, 0]"
0,0,"[97, 23, -94, 9, 0, 1, 0]"
0,0,"[98, 23, -95, 6, 0, 1, 0]"
0,0,"[100, 22, -97, 7, -2, 1, 0]"
0,0,"[98, 25, -94, 12, -3, 1, 0]"
0,0,"[98, 24, -95, 3, -3, -1, 1]"
0,0,"[103, 18, -101, -5, -2, -3, 1]"
0,0,"[116, 16, -114, -10, -6, 0, 1]"
0,0,"[124, 18, -122, -16, -13, 9, -1]"
0,0,"[118, 18, -116, -7, -19, 11, -1]"
0,0,"[107, 22, -105, 0, -18, 13, -2]"
0,0,"[88, 8, -88, 2, -17, 15, -2]"
0,0,"[105, 24, -102, -2, -20, 15, -3]"
0,0,"[101, 16, -100, -3, -26, 20, -3]"
0,0,"[99, 24, -96, -3, -32, 21, -3]"
0,0,"[106, 26, -103, -3, -40, 23, -5]"
0,0,"[95, 35, -88, -8, -43, 23, -3]"
0,0,"[95, 29, -87, -23, -43, 24, -1]"
0,0,"[86, 35, -74, -25, -43, 26, -1]"
0,0,"[77, 49, -52, -30, -43, 22, -1]"
0,0,"[82, 54, -42, -45, -28, 13, -1]"
0,0,"[96, 47, -59, -59, -16, 8, 0]"
0,0,"[105, 42, -74, -62, -16, 11, 0]"
0,0,"[103, 48, -62, -67, -18, 15, -1]"
0,0,"[102, 62, -46, -66, -14, 11, 0]"
0,0,"[97, 59, -46, -62, -8, 8, 0]"
0,0,"[93, 53, -49, -59, -6, 10, 0]"
0,0,"[95, 59, -49, -56, -5, 13, 0]"
0,0,"[91, 64, -43, -48, -3, 12, 1]"
0,0,"[90, 67, -43, -41, 0, 8, 2]"
0,0,"[87, 63, -46, -39, 0, 6, 2]"
0,0,"[83, 60, -46, -35, -3, 8, 2]"
0,0,"[82, 62, -43, -33, -4, 10, 3]"
0,0,"[85, 72, -36, -28, -3, 8, 4]"
0,0,"[84, 69, -41, -24, -1, 5, 5]"
0,0,"[82, 64, -45, -23, -3, 5, 6]"
0,0,"[78, 66, -36, -19, -3, 8, 6]"
0,0,"[76, 72, -21, -10, 0, 4, 5]"
0,0,"[67, 62, -25, 0, 3, 0, 6]"
0,0,"[56, 41, -31, 21, 1, 4, 10]"
0,0,"[56, 42, -16, 34, -2, 6, 12]"
0,0,"[58, 49, -2, 31, -7, 0, 11]"
0,0,"[44, 25, 5, 36, -12, -6, 14]"
0,0,"[42, -12, 16, 37, -10, -7, 18]"
0,0,"[41, -18, 19, 32, 0, -16, 16]"
0,0,"[91, 24, -38, 79, -20, -43, 22]"
0,0,"[112, -68, 3, 89, -43, -43, 40]"
0,0,"[197, -147, 55, 119, -43, -43, 41]"
2,1,"[983, -38, -784, -591, 43, -43, -43]"
0,0,"[170, -25, -74, -151, 8, 5, -2]"
0,0,"[83, -19, -47, -66, 0, 0, 1]"
0,0,"[39, -21, -9, -32, -3, 5, 2]"
0,0,"[75, -10, -10, -74, 1, 2, 2]"
0,0,"[118, -6, -34, -113, 4, 2, 1]"
0,0,"[117, 0, -51, -105, 2, 1, 0]"
0,0,"[88, -3, -42, -77, -1, 0, 0]"
0,0,"[74, -8, -27, -68, -2, -1, 0]"
0,0,"[84, -15, -26, -78, 0, 0, 0]"
0,0,"[91, -14, -27, -86, 0, 0, 0]"
0,0,"[91, -16, -33, -83, 0, 0, 0]"
0,0,"[84, -13, -26, -79, 0, 0, 0]"
0,0,"[90, -14, -36, -81, 0, 1, 0]"
0,0,"[92, -12, -31, -86, 0, 0, 0]"
0,0,"[92, -12, -31, -86, 0, 0, 0]"
0,0,"[88, -14, -27, -83, 0, 0, 0]"
0,0,"[87, -13, -27, -82, 0, 0, 0]"
0,0,"[85, -16, -24, -80, 0, 0, 0]"
0,0,"[90, -14, -29, -84, 0, 0, 0]"
0,0,"[90, -14, -31, -83, 0, 0, 0]"
0,0,"[90, -12, -34, -82, 0, 0, 0]"
0,0,"[91, -13, -34, -83, -1, 0, 0]"
0,0,"[90, -11, -30, -84, 0, 0, 0]"
0,0,"[87, -11, -29, -81, 0, 0, 0]"
0,0,"[89, -15, -33, -81, 0, 0, 0]"
0,0,"[89, -14, -32, -82, 0, 0, 0]"
0,0,"[88, -12, -28, -83, 0, 0, 0]"
0,0,"[88, -10, -26, -84, 1, 0, 0]"
0,0,"[88, -15, -32, -81, 2, 0, 0]"
0,0,"[90, -17, -34, -82, 1, 0, 0]"
0,0,"[90, -14, -28, -84, 1, 0, 0]"
0,0,"[94, -13, -27, -89, 3, -1, 0]"
0,0,"[92, -16, -27, -87, 5, -1, 0]"
0,0,"[94, -19, -29, -87, 7, -2, 0]"
0,0,"[95, -27, -34, -84, 6, 0, 0]"
0,0,"[87, -25, -19, -81, 6, 0, 1]"
0,0,"[95, -26, -21, -89, 10, -1, 4]"
0,0,"[99, -31, -21, -92, 13, -1, 7]"
0,0,"[102, -33, -29, -92, 19, -1, 9]"
0,0,"[100, -31, -32, -89, 21, -1, 11]"
0,0,"[102, -32, -42, -87, 20, -1, 12]"
0,0,"[101, -35, -43, -84, 20, -2, 14]"
0,0,"[99, -43, -46, -77, 23, 0, 15]"
0,0,"[97, -40, -54, -70, 27, 3, 15]"
0,0,"[109, -44, -72, -69, 26, 8, 12]"
0,0,"[111, -39, -83, -62, 23, 11, 10]"
0,0,"[95, -31, -77, -47, 19, 10, 9]"
0,0,"[92, -33, -78, -37, 20, 5, 11]"
0,0,"[95, -37, -84, -26, 22, 0, 12]"
0,0,"[103, -39, -94, -18, 24, -4, 12]"
0,0,"[106, -42, -97, -2, 29, -11, 10]"
0,0,"[120, -62, -102, 12, 40, -15, 8]"
0,0,"[142, -59, -127, 26, 43, -15, 3]"
0,0,"[153, -58, -135, 44, 43, -18, -3]"
0,0,"[159, -62, -127, 73, 43, -17, -15]"
0,0,"[168, -51, -134, 87, 43, -14, -24]"
0,0,"[177, -37, -135, 108, 36, -17, -26]"
0,0,"[177, -53, -92, 141, 12, -30, -26]"
0,0,"[187, -38, -47, 177, 7, -43, -27]"
0,0,"[205, -37, -41, 197, -13, -43, -17]"
0,0,"[272, -54, 60, 260, -14, -43, 6]"
0,0,"[292, -126, 79, 251, -13, -43, 28]"
3,1,"[830, 784, -46, -268, -43, -43, -3]"
0,0,"[98, 11, -95, 21, 0, 0, -2]"
0,0,"[94, 1, -92, 20, 1, 1, -2]"
0,0,"[93, 6, -92, 14, 0, 0, -2]"
0,0,"[93, 9, -91, 16, 0, 0, -1]"
0,0,"[99, 8, -96, 21, 0, 0, -1]"
0,0,"[107, 6, -105, 17, 0, 0, 0]"
0,0,"[105, 6, -104, 14, 0, 0, 0]"
0,0,"[102, 10, -100, 16, -1, 0, 0]"
0,0,"[102, 11, -100, 18, -1, 0, 0]"
0,0,"[102, 11, -100, 18, -1, 0, 0]"
0,0,"[98, 14, -96, 17, 0, 0, 0]"
0,0,"[98, 11, -96, 18, 0, 0, 0]"
0,0,"[98, 11, -96, 18, 0, 0, 0]"
0,0,"[101, 10, -99, 17, 0, 0, 0]"
0,0,"[100, 8, -99, 15, 0, 0, 0]"
0,0,"[96, 12, -94, 13, 0, 0, 0]"
0,0,"[96, 12, -94, 15, 0, 0, 0]"
0,0,"[97, 13, -95, 17, 0, 0, 0]"
0,0,"[104, 9, -101, 22, 0, 0, 0]"
0,0,"[105, 8, -103, 16, 0, 0, 0]"
0,0,"[97, 10, -96, 13, 0, 0, 0]"
0,0,"[94, 10, -93, 13, 0, 0, 0]"
0,0,"[97, 9, -96, 13, 0, 0, 0]"
0,0,"[101, 7, -100, 12, 0, 1, 0]"
0,0,"[100, 9, -99, 9, 0, 2, -1]"
0,0,"[98, 10, -97, 7, -2, 3, -1]"
0,0,"[98, 7, -98, 4, -4, 4, -1]"
0,0,"[104, 7, -104, 1, -7, 8, 0]"
0,0,"[104, 9, -103, 7, -9, 10, 0]"
0,0,"[106, 10, -105, 6, -10, 9, 0]"
0,0,"[104, 5, -104, 3, -13, 9, 0]"
0,0,"[108, 16, -107, -1, -19, 13, 1]"
0,0,"[101, 6, -101, -5, -24, 16, 2]"
0,0,"[101, 7, -100, -9, -26, 16, 3]"
0,0,"[105, 7, -104, -15, -27, 16, 3]"
0,0,"[115, 0, -113, -22, -33, 21, 3]"
0,0,"[115, 1, -113, -19, -43, 28, 2]"
0,0,"[104, 12, -102, -15, -43, 30, 2]"
0,0,"[94, 27, -87, -24, -43, 23, 3]"
0,0,"[83, 24, -70, -37, -43, 22, 3]"
0,0,"[78, 21, -60, -46, -43, 22, 4]"
0,0,"[76, 35, -45, -51, -39, 20, 4]"
0,0,"[85, 35, -47, -61, -28, 13, 4]"
0,0,"[97, 32, -55, -73, -22, 8, 4]"
0,0,"[92, 28, -50, -72, -21, 10, 4]"
0,0,"[89, 35, -39, -72, -15, 8, 4]"
0,0,"[92, 36, -37, -76, -6, 5, 4]"
0,0,"[95, 35, -41, -78, -1, 3, 3]"
0,0,"[95, 29, -49, -76, -4, 6, 2]"
0,0,"[91, 33, -43, -73, -6, 9, 2]"
0,0,"[88, 41, -33, -71, -5, 7, 2]"
0,0,"[87, 41, -31, -70, 0, 3, 2]"
0,0,"[90, 36, -40, -72, 1, 1, 2]"
0,0,"[89, 36, -41, -70, -1, 3, 1]"
0,0,"[88, 41, -37, -69, -1, 3, 1]"
0,0,"[86, 43, -36, -65, 0, 0, 1]"
0,0,"[87, 38, -41, -67, 0, 0, 0]"
0,0,"[84, 38, -40, -64, 1, 0, 0]"
0,0,"[85, 39, -41, -63, 1, 0, 0]"
0,0,"[86, 41, -40, -64, 1, -2, 0]"
0,0,"[91, 38, -45, -69, 0, -3, 0]"
0,0,"[92, 35, -42, -74, -2, -4, 0]"
0,0,"[89, 33, -36, -75, -2, -3, -1]"
0,0,"[87, 35, -31, -73, 0, -3, 0]"
0,0,"[82, 39, -26, -67, 0, -2, 0]"
0,0,"[76, 42, -19, -61, 2, -3, 0]"
0,0,"[78, 37, -26, -63, 2, -5, 2]"
0,0,"[78, 35, -27, -64, 0, -5, 3]"
0,0,"[78, 34, -26, -65, 0, -5, 4]"
0,0,"[80, 31, -27, -69, 1, -7, 5]"
0,0,"[84, 23, -36, -72, 0, -8, 5]"
0,0,"[85, 21, -39, -72, -2, -6, 6]"
0,0,"[83, 23, -34, -72, -3, -6, 5]"
0,0,"[81, 21, -32, -71, 0, -7, 5]"
0,0,"[80, 21, -31, -71, 2, -7, 5]"
0,0,"[92, 14, -45, -79, 0, -7, 6]"
0,0,"[96, 14, -48, -82, -4, -5, 5]"
0,0,"[90, 16, -38, -80, -5, -6, 6]"
0,0,"[86, 15, -33, -78, -2, -8, 6]"
0,0,"[86, 7, -36, -78, 0, -7, 6]"
0,0,"[102, 0, -50, -89, -2, -5, 5]"
0,0,"[105, -2, -52, -91, -6, -5, 4]"
0,0,"[97, -1, -40, -88, -4, -6, 4]"
0,0,"[96, -6, -37, -88, 0, -5, 3]"
0,0,"[97, -6, -42, -87, 1, -3, 3]"
0,0,"[97, -6, -44, -86, 0, -2, 3]"
0,0,"[96, -8, -43, -85, -1, -2, 3]"
0,0,"[95, -7, -41, -85, -1, -3, 3]"
0,0,"[98, -9, -44, -87, 0, -3, 2]"
0,0,"[106, -13, -50, -92, -2, -2, 1]"
0,0,"[99, -8, -41, -90, -4, -1, 0]"
0,0,"[93, -5, -29, -88, -1, -2, 1]"
0,0,"[92, -5, -30, -87, 0, -3, 1]"
0,0,"[88, -6, -31, -82, 0, -1, 1]"
0,0,"[85, -8, -27, -80, -2, 0, 1]"
0,0,"[81, -6, -25, -77, 0, -1, 2]"
0,0,"[82, -8, -28, -77, 2, -2, 3]"
0,0,"[86, -10, -35, -78, 2, -2, 3]"
0,0,"[86, -9, -36, -78, -2, -1, 3]"
0,0,"[87, -10, -34, -80, -5, -1, 3]"
0,0,"[88, -12, -31, -82, -4, -2, 3]"
0,0,"[89, -13, -29, -83, 0, -3, 3]"
0,0,"[92, -15, -33, -85, -1, -1, 2]"
0,0,"[99, -17, -34, -91, -3, -1, 2]"
0,0,"[104, -13, -35, -97, -1, -2, 2]"
0,0,"[122, -14, -40, -114, 0, -2, 2]"
0,0,"[143, -12, -51, -133, 0, 0, 1]"
0,0,"[152, -14, -51, -143, -2, 2, 0]"
0,0,"[167, -20, -56, -156, -2, 3, 0]"
0,0,"[191, -39, -71, -173, -3, 6, -2]"
0,0,"[194, -38, -63, -179, -1, 12, -3]"
0,0,"[192, -28, -62, -180, 0, 16, -5]"
0,0,"[181, -29, -47, -172, -4, 23, -6]"
0,0,"[136, -19, -20, -133, -3, 32, -6]"
0,0,"[106, -23, -13, -103, 1, 36, -5]"
0,0,"[82, -14, -13, -80, 2, 41, -6]"
4,1,"[520, -12, -395, -338, -43, -43, -13]"
0,0,"[88, 7, 13, -87, 1, 17, -2]"
0,0,"[78, 19, 8, -75, -2, 16, -2]"
0,0,"[71, 25, 4, -66, 0, 10, -1]"
0,0,"[66, 24, 0, -62, 2, 6, 0]"
0,0,"[68, 21, -1, -65, 4, 4, 0]"
0,0,"[80, 21, 0, -77, 4, 1, 0]"
0,0,"[91, 18, -2, -89, 1, -1, 0]"
0,0,"[93, 16, -5, -91, -3, -3, 0]"
0,0,"[86, 16, -4, -84, -5, -4, 0]"
0,0,"[82, 16, -2, -80, -2, -2, 0]"
0,0,"[85, 18, 2, -83, 1, -1, 0]"
0,0,"[86, 17, 4, -84, 2, -2, 0]"
0,0,"[86, 16, 5, -84, 1, -2, 0]"
0,0,"[83, 16, 4, -81, 0, -2, 1]"
0,0,"[80, 16, 3, -78, 1, -3, 2]"
0,0,"[80, 16, 2, -78, 4, -5, 3]"
0,0,"[87, 14, 0, -86, 7, -7, 5]"
0,0,"[90, 11, 4, -89, 10, -9, 8]"
0,0,"[90, 9, 0, -90, 9, -5, 12]"
0,0,"[74, 7, 3, -74, 5, 0, 7]"
0,0,"[76, -25, -24, -68, 4, 1, 5]"
0,0,"[91, -5, -17, -89, 5, -5, 4]"
0,0,"[112, -13, -36, -105, -1, 3, 4]"
0,0,"[87, 1, -14, -86, -2, 0, 4]"
0,0,"[85, 13, 2, -84, -2, -2, 6]"
0,0,"[86, 10, 0, -85, 0, -4, 7]"
0,0,"[91, 1, -8, -91, 0, -4, 7]"
0,0,"[94, 0, -10, -93, 0, -2, 7]"
0,0,"[90, 4, -7, -90, 0, -1, 7]"
0,0,"[88, 8, -5, -87, 1, -2, 7]"
0,0,"[91, 6, -10, -90, 2, -2, 7]"
0,0,"[93, -2, -13, -92, 0, -2, 7]"
0,0,"[96, -5, -15, -95, 0, 0, 7]"
0,0,"[94, -2, -12, -93, 0, 0, 8]"
0,0,"[92, -1, -12, -91, 1, 0, 8]"
0,0,"[96, -4, -19, -94, 1, -1, 7]"
0,0,"[97, -4, -23, -94, 1, 0, 6]"
0,0,"[97, -3, -22, -94, 0, 0, 5]"
0,0,"[95, -2, -18, -93, 1, 0, 5]"
0,0,"[96, -5, -20, -94, 1, 0, 5]"
0,0,"[94, -3, -18, -92, 1, 2, 5]"
0,0,"[93, -1, -18, -91, 1, 2, 5]"
0,0,"[90, -1, -19, -88, 2, 1, 5]"
0,0,"[89, -1, -22, -86, 2, 0, 4]"
0,0,"[90, -4, -27, -86, 2, 1, 3]"
0,0,"[90, -2, -28, -85, 1, 2, 2]"
0,0,"[87, 1, -27, -83, 1, 1, 2]"
0,0,"[87, 2, -29, -82, 1, 0, 1]"
0,0,"[90, -3, -31, -84, 1, -1, 0]"
0,0,"[88, 0, -30, -83, 0, -1, 0]"
0,0,"[88, 2, -26, -84, 0, 0, 0]"
0,0,"[86, 4, -22, -83, 0, -1, 0]"
0,0,"[87, 2, -21, -84, 1, -3, 0]"
0,0,"[92, -3, -24, -89, 1, -2, 0]"
0,0,"[93, -4, -22, -90, 0, -1, 0]"
0,0,"[97, -7, -21, -94, 0, 0, 0]"
0,0,"[96, -4, -21, -94, 1, 0, 0]"
0,0,"[97, -5, -24, -94, 1, 0, 0]"
0,0,"[95, -4, -22, -92, 1, 1, 0]"
0,0,"[95, -3, -22, -92, 1, 1, -1]"
0,0,"[90, -2, -19, -88, 2, 1, -1]"
0,0,"[90, 0, -19, -88, 1, 1, 0]"
0,0,"[85, 0, -16, -83, 0, 2, 0]"
0,0,"[83, 1, -13, -82, 0, 1, 0]"
0,0,"[86, 0, -16, -84, 0, 0, 0]"
0,0,"[92, -5, -21, -89, 0, 0, 0]"
0,0,"[91, -7, -20, -89, -1, 0, 0]"
0,0,"[90, -9, -20, -87, -1, 0, 0]"
0,0,"[90, -10, -21, -87, 0, 1, 0]"
0,0,"[92, -10, -23, -88, 0, 1, 0]"
0,0,"[91, -9, -24, -87, 0, 1, 0]"
0,0,"[88, -4, -20, -86, 0, 1, 0]"
0,0,"[87, -1, -18, -85, 0, 1, 0]"
0,0,"[87, 2, -15, -86, 0, 2, 1]"
0,0,"[89, 6, -14, -88, 0, 3, 1]"
0,0,"[89, 7, -15, -87, 1, 2, 1]"
0,0,"[90, 7, -18, -88, 0, 1, 2]"
0,0,"[93, 2, -21, -91, 0, 2, 2]"
0,0,"[95, 2, -17, -93, 0, 4, 2]"
0,0,"[97, 4, -14, -96, 1, 5, 3]"
0,0,"[96, 7, -12, -95, 3, 6, 4]"
0,0,"[93, 8, -14, -92, 4, 6, 5]"
